{
  "project_info": {
    "project_number": "980718077402",
    "firebase_url": "https://chatting-for-experiment.firebaseio.com",
    "project_id": "chatting-for-experiment",
    "storage_bucket": "chatting-for-experiment.appspot.com"
  },
  "client": [
    {
      "client_info": {
        "mobilesdk_app_id": "1:980718077402:android:ac6046cd8a1ed558",
        "android_client_info": {
          "package_name": "com.learning.dev.srikar.chatting"
        }
      },
      "oauth_client": [
        {
          "client_id": "980718077402-1oqfbdpnhjgaluo7qqtb2udg07odue8p.apps.googleusercontent.com",
          "client_type": 3
        }
      ],
      "api_key": [
        {
          "current_key": "AIzaSyBGlE11Zr8dp-uOvMUJTOR1K_oosn13dSY"
        }
      ],
      "services": {
        "appinvite_service": {
          "other_platform_oauth_client": [
            {
              "client_id": "980718077402-1oqfbdpnhjgaluo7qqtb2udg07odue8p.apps.googleusercontent.com",
              "client_type": 3
            }
          ]
        }
      }
    }
  ],
  "configuration_version": "1"
}